breed_id,breed_name,group,registry,size,origin,min_photos_needed,photos_collected,photos_annotated,status,source_link,license_type,partner_source,collection_priority,last_updated,notes
BR_0000,Golden Retriever,Sporting,AKC,Large,Scotland,500,250,44,in_progress,,,,high,2025-06-30,
BR_0001,Labrador Retriever,Sporting,AKC,Large,Newfoundland,500,408,208,in_progress,,,,high,2025-06-30,
BR_0002,Pointer,Sporting,AKC,Large,England,500,597,167,complete,,,,high,2025-06-30,
BR_0003,English Setter,Sporting,AKC,Large,England,500,92,100,not_started,,,,high,2025-06-30,
BR_0004,Irish Setter,Sporting,AKC,Large,Ireland,500,216,73,in_progress,,,,high,2025-06-30,
BR_0005,German Shepherd,Herding,AKC,Large,Germany,500,144,278,in_progress,,,,high,2025-06-30,
BR_0006,Siberian Husky,Working,AKC,Large,Siberia,500,489,200,in_progress,,,,high,2025-06-30,
BR_0007,Rottweiler,Working,AKC,Large,Germany,500,407,38,in_progress,,,,high,2025-06-30,
BR_0008,Doberman Pinscher,Working,AKC,Large,Germany,500,174,9,in_progress,,,,high,2025-06-30,
BR_0009,Great Dane,Working,AKC,Giant,Germany,500,25,117,not_started,,,,high,2025-06-30,
BR_0010,Beagle,Hound,AKC,Medium,England,500,433,22,in_progress,,,,medium,2025-06-30,
BR_0011,Bloodhound,Hound,AKC,Large,Belgium,500,79,3,not_started,,,,medium,2025-06-30,
BR_0012,Greyhound,Hound,AKC,Large,Ancient,500,452,246,in_progress,,,,medium,2025-06-30,
BR_0013,Basset Hound,Hound,AKC,Medium,France,500,445,4,in_progress,,,,medium,2025-06-30,
BR_0014,Chihuahua,Toy,AKC,Toy,Mexico,500,581,120,complete,,,,medium,2025-06-30,
BR_0015,Pug,Toy,AKC,Small,China,500,523,291,complete,,,,medium,2025-06-30,
BR_0016,Yorkshire Terrier,Toy,AKC,Toy,England,500,578,150,complete,,,,medium,2025-06-30,
BR_0017,French Bulldog,Non-Sporting,AKC,Small,France,500,238,0,in_progress,,,,medium,2025-06-30,
BR_0018,Poodle,Non-Sporting,AKC,Large,Germany,500,573,154,complete,,,,medium,2025-06-30,
BR_0019,Boston Terrier,Non-Sporting,AKC,Small,USA,500,94,163,not_started,,,,medium,2025-06-30,
BR_0020,Border Collie,Herding,AKC,Medium,Scotland,500,19,182,not_started,,,,high,2025-06-30,
BR_0021,Australian Shepherd,Herding,AKC,Medium,USA,500,388,8,in_progress,,,,high,2025-06-30,
BR_0022,Lagotto Romagnolo,Sporting,FCI,Medium,Italy,500,60,272,not_started,,,,high,2025-06-30,
BR_0023,Xolo (Mexican Hairless),Non-Sporting,FCI,Medium,Mexico,500,284,115,in_progress,,,,medium,2025-06-30,
BR_0024,Norwegian Lundehund,Hound,FCI,Small,Norway,500,252,89,in_progress,,,,medium,2025-06-30,
BR_0025,Telomian,Primitive,Rare,Medium,Malaysia,500,375,141,in_progress,,,,low,2025-06-30,
BR_0026,Carolina Dog,Primitive,UKC,Medium,USA,500,466,290,in_progress,,,,medium,2025-06-30,
BR_0027,Golden Retriever Variant 27,Sporting,AKC,Large,Scotland,500,585,206,complete,,,,high,2025-06-30,
BR_0028,Labrador Retriever Variant 28,Sporting,AKC,Large,Newfoundland,500,429,201,in_progress,,,,high,2025-06-30,
BR_0029,Pointer Variant 29,Sporting,AKC,Large,England,500,512,191,complete,,,,high,2025-06-30,
BR_0030,English Setter Variant 30,Sporting,AKC,Large,England,500,55,283,not_started,,,,high,2025-06-30,
BR_0031,Irish Setter Variant 31,Sporting,AKC,Large,Ireland,500,211,233,in_progress,,,,high,2025-06-30,
BR_0032,German Shepherd Variant 32,Herding,AKC,Large,Germany,500,271,66,in_progress,,,,high,2025-06-30,
BR_0033,Siberian Husky Variant 33,Working,AKC,Large,Siberia,500,181,186,in_progress,,,,high,2025-06-30,
BR_0034,Rottweiler Variant 34,Working,AKC,Large,Germany,500,174,175,in_progress,,,,high,2025-06-30,
BR_0035,Doberman Pinscher Variant 35,Working,AKC,Large,Germany,500,355,276,in_progress,,,,high,2025-06-30,
BR_0036,Great Dane Variant 36,Working,AKC,Giant,Germany,500,361,111,in_progress,,,,high,2025-06-30,
BR_0037,Beagle Variant 37,Hound,AKC,Medium,England,500,506,271,complete,,,,medium,2025-06-30,
BR_0038,Bloodhound Variant 38,Hound,AKC,Large,Belgium,500,572,267,complete,,,,medium,2025-06-30,
BR_0039,Greyhound Variant 39,Hound,AKC,Large,Ancient,500,454,11,in_progress,,,,medium,2025-06-30,
BR_0040,Basset Hound Variant 40,Hound,AKC,Medium,France,500,181,99,in_progress,,,,medium,2025-06-30,
BR_0041,Chihuahua Variant 41,Toy,AKC,Toy,Mexico,500,409,139,in_progress,,,,medium,2025-06-30,
BR_0042,Pug Variant 42,Toy,AKC,Small,China,500,111,193,in_progress,,,,medium,2025-06-30,
BR_0043,Yorkshire Terrier Variant 43,Toy,AKC,Toy,England,500,131,286,in_progress,,,,medium,2025-06-30,
BR_0044,French Bulldog Variant 44,Non-Sporting,AKC,Small,France,500,89,186,not_started,,,,medium,2025-06-30,
BR_0045,Poodle Variant 45,Non-Sporting,AKC,Large,Germany,500,389,79,in_progress,,,,medium,2025-06-30,
BR_0046,Boston Terrier Variant 46,Non-Sporting,AKC,Small,USA,500,171,240,in_progress,,,,medium,2025-06-30,
BR_0047,Border Collie Variant 47,Herding,AKC,Medium,Scotland,500,118,203,in_progress,,,,high,2025-06-30,
BR_0048,Australian Shepherd Variant 48,Herding,AKC,Medium,USA,500,349,98,in_progress,,,,high,2025-06-30,
BR_0049,Lagotto Romagnolo Variant 49,Sporting,FCI,Medium,Italy,500,446,283,in_progress,,,,high,2025-06-30,
BR_0050,Xolo (Mexican Hairless) Variant 50,Non-Sporting,FCI,Medium,Mexico,500,447,200,in_progress,,,,medium,2025-06-30,
BR_0051,Norwegian Lundehund Variant 51,Hound,FCI,Small,Norway,500,246,130,in_progress,,,,medium,2025-06-30,
BR_0052,Telomian Variant 52,Primitive,Rare,Medium,Malaysia,500,420,278,in_progress,,,,low,2025-06-30,
BR_0053,Carolina Dog Variant 53,Primitive,UKC,Medium,USA,500,369,286,in_progress,,,,medium,2025-06-30,
BR_0054,Golden Retriever Variant 54,Sporting,AKC,Large,Scotland,500,3,249,not_started,,,,high,2025-06-30,
BR_0055,Labrador Retriever Variant 55,Sporting,AKC,Large,Newfoundland,500,380,273,in_progress,,,,high,2025-06-30,
BR_0056,Pointer Variant 56,Sporting,AKC,Large,England,500,366,195,in_progress,,,,high,2025-06-30,
BR_0057,English Setter Variant 57,Sporting,AKC,Large,England,500,196,60,in_progress,,,,high,2025-06-30,
BR_0058,Irish Setter Variant 58,Sporting,AKC,Large,Ireland,500,39,157,not_started,,,,high,2025-06-30,
BR_0059,German Shepherd Variant 59,Herding,AKC,Large,Germany,500,151,172,in_progress,,,,high,2025-06-30,
BR_0060,Siberian Husky Variant 60,Working,AKC,Large,Siberia,500,412,108,in_progress,,,,high,2025-06-30,
BR_0061,Rottweiler Variant 61,Working,AKC,Large,Germany,500,126,265,in_progress,,,,high,2025-06-30,
BR_0062,Doberman Pinscher Variant 62,Working,AKC,Large,Germany,500,4,279,not_started,,,,high,2025-06-30,
BR_0063,Great Dane Variant 63,Working,AKC,Giant,Germany,500,429,193,in_progress,,,,high,2025-06-30,
BR_0064,Beagle Variant 64,Hound,AKC,Medium,England,500,584,118,complete,,,,medium,2025-06-30,
BR_0065,Bloodhound Variant 65,Hound,AKC,Large,Belgium,500,153,54,in_progress,,,,medium,2025-06-30,
BR_0066,Greyhound Variant 66,Hound,AKC,Large,Ancient,500,437,205,in_progress,,,,medium,2025-06-30,
BR_0067,Basset Hound Variant 67,Hound,AKC,Medium,France,500,538,145,complete,,,,medium,2025-06-30,
BR_0068,Chihuahua Variant 68,Toy,AKC,Toy,Mexico,500,159,61,in_progress,,,,medium,2025-06-30,
BR_0069,Pug Variant 69,Toy,AKC,Small,China,500,539,208,complete,,,,medium,2025-06-30,
BR_0070,Yorkshire Terrier Variant 70,Toy,AKC,Toy,England,500,397,271,in_progress,,,,medium,2025-06-30,
BR_0071,French Bulldog Variant 71,Non-Sporting,AKC,Small,France,500,388,98,in_progress,,,,medium,2025-06-30,
BR_0072,Poodle Variant 72,Non-Sporting,AKC,Large,Germany,500,73,201,not_started,,,,medium,2025-06-30,
BR_0073,Boston Terrier Variant 73,Non-Sporting,AKC,Small,USA,500,90,79,not_started,,,,medium,2025-06-30,
BR_0074,Border Collie Variant 74,Herding,AKC,Medium,Scotland,500,381,174,in_progress,,,,high,2025-06-30,
BR_0075,Australian Shepherd Variant 75,Herding,AKC,Medium,USA,500,43,13,not_started,,,,high,2025-06-30,
BR_0076,Lagotto Romagnolo Variant 76,Sporting,FCI,Medium,Italy,500,50,265,not_started,,,,high,2025-06-30,
BR_0077,Xolo (Mexican Hairless) Variant 77,Non-Sporting,FCI,Medium,Mexico,500,98,109,not_started,,,,medium,2025-06-30,
BR_0078,Norwegian Lundehund Variant 78,Hound,FCI,Small,Norway,500,11,201,not_started,,,,medium,2025-06-30,
BR_0079,Telomian Variant 79,Primitive,Rare,Medium,Malaysia,500,545,149,complete,,,,low,2025-06-30,
BR_0080,Carolina Dog Variant 80,Primitive,UKC,Medium,USA,500,65,170,not_started,,,,medium,2025-06-30,
BR_0081,Golden Retriever Variant 81,Sporting,AKC,Large,Scotland,500,110,259,in_progress,,,,high,2025-06-30,
BR_0082,Labrador Retriever Variant 82,Sporting,AKC,Large,Newfoundland,500,61,230,not_started,,,,high,2025-06-30,
BR_0083,Pointer Variant 83,Sporting,AKC,Large,England,500,79,4,not_started,,,,high,2025-06-30,
BR_0084,English Setter Variant 84,Sporting,AKC,Large,England,500,413,244,in_progress,,,,high,2025-06-30,
BR_0085,Irish Setter Variant 85,Sporting,AKC,Large,Ireland,500,408,293,in_progress,,,,high,2025-06-30,
BR_0086,German Shepherd Variant 86,Herding,AKC,Large,Germany,500,465,94,in_progress,,,,high,2025-06-30,
BR_0087,Siberian Husky Variant 87,Working,AKC,Large,Siberia,500,230,15,in_progress,,,,high,2025-06-30,
BR_0088,Rottweiler Variant 88,Working,AKC,Large,Germany,500,384,21,in_progress,,,,high,2025-06-30,
BR_0089,Doberman Pinscher Variant 89,Working,AKC,Large,Germany,500,241,142,in_progress,,,,high,2025-06-30,
BR_0090,Great Dane Variant 90,Working,AKC,Giant,Germany,500,560,140,complete,,,,high,2025-06-30,
BR_0091,Beagle Variant 91,Hound,AKC,Medium,England,500,34,254,not_started,,,,medium,2025-06-30,
BR_0092,Bloodhound Variant 92,Hound,AKC,Large,Belgium,500,526,54,complete,,,,medium,2025-06-30,
BR_0093,Greyhound Variant 93,Hound,AKC,Large,Ancient,500,207,166,in_progress,,,,medium,2025-06-30,
BR_0094,Basset Hound Variant 94,Hound,AKC,Medium,France,500,320,0,in_progress,,,,medium,2025-06-30,
BR_0095,Chihuahua Variant 95,Toy,AKC,Toy,Mexico,500,71,138,not_started,,,,medium,2025-06-30,
BR_0096,Pug Variant 96,Toy,AKC,Small,China,500,111,151,in_progress,,,,medium,2025-06-30,
BR_0097,Yorkshire Terrier Variant 97,Toy,AKC,Toy,England,500,434,225,in_progress,,,,medium,2025-06-30,
BR_0098,French Bulldog Variant 98,Non-Sporting,AKC,Small,France,500,126,189,in_progress,,,,medium,2025-06-30,
BR_0099,Poodle Variant 99,Non-Sporting,AKC,Large,Germany,500,556,35,complete,,,,medium,2025-06-30,
BR_0100,Boston Terrier Variant 100,Non-Sporting,AKC,Small,USA,500,370,219,in_progress,,,,medium,2025-06-30,
BR_0101,Border Collie Variant 101,Herding,AKC,Medium,Scotland,500,527,276,complete,,,,high,2025-06-30,
BR_0102,Australian Shepherd Variant 102,Herding,AKC,Medium,USA,500,333,252,in_progress,,,,high,2025-06-30,
BR_0103,Lagotto Romagnolo Variant 103,Sporting,FCI,Medium,Italy,500,524,88,complete,,,,high,2025-06-30,
BR_0104,Xolo (Mexican Hairless) Variant 104,Non-Sporting,FCI,Medium,Mexico,500,21,2,not_started,,,,medium,2025-06-30,
BR_0105,Norwegian Lundehund Variant 105,Hound,FCI,Small,Norway,500,441,152,in_progress,,,,medium,2025-06-30,
BR_0106,Telomian Variant 106,Primitive,Rare,Medium,Malaysia,500,500,210,complete,,,,low,2025-06-30,
BR_0107,Carolina Dog Variant 107,Primitive,UKC,Medium,USA,500,354,198,in_progress,,,,medium,2025-06-30,
BR_0108,Golden Retriever Variant 108,Sporting,AKC,Large,Scotland,500,23,261,not_started,,,,high,2025-06-30,
BR_0109,Labrador Retriever Variant 109,Sporting,AKC,Large,Newfoundland,500,188,154,in_progress,,,,high,2025-06-30,
BR_0110,Pointer Variant 110,Sporting,AKC,Large,England,500,313,297,in_progress,,,,high,2025-06-30,
BR_0111,English Setter Variant 111,Sporting,AKC,Large,England,500,395,166,in_progress,,,,high,2025-06-30,
BR_0112,Irish Setter Variant 112,Sporting,AKC,Large,Ireland,500,245,287,in_progress,,,,high,2025-06-30,
BR_0113,German Shepherd Variant 113,Herding,AKC,Large,Germany,500,333,4,in_progress,,,,high,2025-06-30,
BR_0114,Siberian Husky Variant 114,Working,AKC,Large,Siberia,500,230,90,in_progress,,,,high,2025-06-30,
BR_0115,Rottweiler Variant 115,Working,AKC,Large,Germany,500,222,11,in_progress,,,,high,2025-06-30,
BR_0116,Doberman Pinscher Variant 116,Working,AKC,Large,Germany,500,466,143,in_progress,,,,high,2025-06-30,
BR_0117,Great Dane Variant 117,Working,AKC,Giant,Germany,500,180,60,in_progress,,,,high,2025-06-30,
BR_0118,Beagle Variant 118,Hound,AKC,Medium,England,500,36,44,not_started,,,,medium,2025-06-30,
BR_0119,Bloodhound Variant 119,Hound,AKC,Large,Belgium,500,337,62,in_progress,,,,medium,2025-06-30,
BR_0120,Greyhound Variant 120,Hound,AKC,Large,Ancient,500,593,291,complete,,,,medium,2025-06-30,
BR_0121,Basset Hound Variant 121,Hound,AKC,Medium,France,500,355,143,in_progress,,,,medium,2025-06-30,
BR_0122,Chihuahua Variant 122,Toy,AKC,Toy,Mexico,500,157,200,in_progress,,,,medium,2025-06-30,
BR_0123,Pug Variant 123,Toy,AKC,Small,China,500,76,180,not_started,,,,medium,2025-06-30,
BR_0124,Yorkshire Terrier Variant 124,Toy,AKC,Toy,England,500,515,236,complete,,,,medium,2025-06-30,
BR_0125,French Bulldog Variant 125,Non-Sporting,AKC,Small,France,500,221,47,in_progress,,,,medium,2025-06-30,
BR_0126,Poodle Variant 126,Non-Sporting,AKC,Large,Germany,500,47,68,not_started,,,,medium,2025-06-30,
BR_0127,Boston Terrier Variant 127,Non-Sporting,AKC,Small,USA,500,316,48,in_progress,,,,medium,2025-06-30,
BR_0128,Border Collie Variant 128,Herding,AKC,Medium,Scotland,500,153,184,in_progress,,,,high,2025-06-30,
BR_0129,Australian Shepherd Variant 129,Herding,AKC,Medium,USA,500,498,231,in_progress,,,,high,2025-06-30,
BR_0130,Lagotto Romagnolo Variant 130,Sporting,FCI,Medium,Italy,500,96,191,not_started,,,,high,2025-06-30,
BR_0131,Xolo (Mexican Hairless) Variant 131,Non-Sporting,FCI,Medium,Mexico,500,345,280,in_progress,,,,medium,2025-06-30,
BR_0132,Norwegian Lundehund Variant 132,Hound,FCI,Small,Norway,500,172,117,in_progress,,,,medium,2025-06-30,
BR_0133,Telomian Variant 133,Primitive,Rare,Medium,Malaysia,500,81,217,not_started,,,,low,2025-06-30,
BR_0134,Carolina Dog Variant 134,Primitive,UKC,Medium,USA,500,253,235,in_progress,,,,medium,2025-06-30,
BR_0135,Golden Retriever Variant 135,Sporting,AKC,Large,Scotland,500,489,204,in_progress,,,,high,2025-06-30,
BR_0136,Labrador Retriever Variant 136,Sporting,AKC,Large,Newfoundland,500,162,6,in_progress,,,,high,2025-06-30,
BR_0137,Pointer Variant 137,Sporting,AKC,Large,England,500,565,165,complete,,,,high,2025-06-30,
BR_0138,English Setter Variant 138,Sporting,AKC,Large,England,500,11,15,not_started,,,,high,2025-06-30,
BR_0139,Irish Setter Variant 139,Sporting,AKC,Large,Ireland,500,595,121,complete,,,,high,2025-06-30,
BR_0140,German Shepherd Variant 140,Herding,AKC,Large,Germany,500,195,210,in_progress,,,,high,2025-06-30,
BR_0141,Siberian Husky Variant 141,Working,AKC,Large,Siberia,500,450,291,in_progress,,,,high,2025-06-30,
BR_0142,Rottweiler Variant 142,Working,AKC,Large,Germany,500,322,113,in_progress,,,,high,2025-06-30,
BR_0143,Doberman Pinscher Variant 143,Working,AKC,Large,Germany,500,597,250,complete,,,,high,2025-06-30,
BR_0144,Great Dane Variant 144,Working,AKC,Giant,Germany,500,442,95,in_progress,,,,high,2025-06-30,
BR_0145,Beagle Variant 145,Hound,AKC,Medium,England,500,554,22,complete,,,,medium,2025-06-30,
BR_0146,Bloodhound Variant 146,Hound,AKC,Large,Belgium,500,98,71,not_started,,,,medium,2025-06-30,
BR_0147,Greyhound Variant 147,Hound,AKC,Large,Ancient,500,246,217,in_progress,,,,medium,2025-06-30,
BR_0148,Basset Hound Variant 148,Hound,AKC,Medium,France,500,309,53,in_progress,,,,medium,2025-06-30,
BR_0149,Chihuahua Variant 149,Toy,AKC,Toy,Mexico,500,316,71,in_progress,,,,medium,2025-06-30,
BR_0150,Pug Variant 150,Toy,AKC,Small,China,500,529,59,complete,,,,medium,2025-06-30,
BR_0151,Yorkshire Terrier Variant 151,Toy,AKC,Toy,England,500,192,135,in_progress,,,,medium,2025-06-30,
BR_0152,French Bulldog Variant 152,Non-Sporting,AKC,Small,France,500,189,173,in_progress,,,,medium,2025-06-30,
BR_0153,Poodle Variant 153,Non-Sporting,AKC,Large,Germany,500,517,198,complete,,,,medium,2025-06-30,
BR_0154,Boston Terrier Variant 154,Non-Sporting,AKC,Small,USA,500,129,281,in_progress,,,,medium,2025-06-30,
BR_0155,Border Collie Variant 155,Herding,AKC,Medium,Scotland,500,96,288,not_started,,,,high,2025-06-30,
BR_0156,Australian Shepherd Variant 156,Herding,AKC,Medium,USA,500,223,83,in_progress,,,,high,2025-06-30,
BR_0157,Lagotto Romagnolo Variant 157,Sporting,FCI,Medium,Italy,500,599,147,complete,,,,high,2025-06-30,
BR_0158,Xolo (Mexican Hairless) Variant 158,Non-Sporting,FCI,Medium,Mexico,500,110,145,in_progress,,,,medium,2025-06-30,
BR_0159,Norwegian Lundehund Variant 159,Hound,FCI,Small,Norway,500,243,62,in_progress,,,,medium,2025-06-30,
BR_0160,Telomian Variant 160,Primitive,Rare,Medium,Malaysia,500,158,25,in_progress,,,,low,2025-06-30,
BR_0161,Carolina Dog Variant 161,Primitive,UKC,Medium,USA,500,539,108,complete,,,,medium,2025-06-30,
BR_0162,Golden Retriever Variant 162,Sporting,AKC,Large,Scotland,500,241,215,in_progress,,,,high,2025-06-30,
BR_0163,Labrador Retriever Variant 163,Sporting,AKC,Large,Newfoundland,500,164,162,in_progress,,,,high,2025-06-30,
BR_0164,Pointer Variant 164,Sporting,AKC,Large,England,500,285,290,in_progress,,,,high,2025-06-30,
BR_0165,English Setter Variant 165,Sporting,AKC,Large,England,500,565,193,complete,,,,high,2025-06-30,
BR_0166,Irish Setter Variant 166,Sporting,AKC,Large,Ireland,500,550,91,complete,,,,high,2025-06-30,
BR_0167,German Shepherd Variant 167,Herding,AKC,Large,Germany,500,411,52,in_progress,,,,high,2025-06-30,
BR_0168,Siberian Husky Variant 168,Working,AKC,Large,Siberia,500,473,59,in_progress,,,,high,2025-06-30,
BR_0169,Rottweiler Variant 169,Working,AKC,Large,Germany,500,513,224,complete,,,,high,2025-06-30,
BR_0170,Doberman Pinscher Variant 170,Working,AKC,Large,Germany,500,157,97,in_progress,,,,high,2025-06-30,
BR_0171,Great Dane Variant 171,Working,AKC,Giant,Germany,500,119,170,in_progress,,,,high,2025-06-30,
BR_0172,Beagle Variant 172,Hound,AKC,Medium,England,500,397,207,in_progress,,,,medium,2025-06-30,
BR_0173,Bloodhound Variant 173,Hound,AKC,Large,Belgium,500,153,254,in_progress,,,,medium,2025-06-30,
BR_0174,Greyhound Variant 174,Hound,AKC,Large,Ancient,500,254,189,in_progress,,,,medium,2025-06-30,
BR_0175,Basset Hound Variant 175,Hound,AKC,Medium,France,500,102,170,in_progress,,,,medium,2025-06-30,
BR_0176,Chihuahua Variant 176,Toy,AKC,Toy,Mexico,500,351,154,in_progress,,,,medium,2025-06-30,
BR_0177,Pug Variant 177,Toy,AKC,Small,China,500,294,181,in_progress,,,,medium,2025-06-30,
BR_0178,Yorkshire Terrier Variant 178,Toy,AKC,Toy,England,500,595,20,complete,,,,medium,2025-06-30,
BR_0179,French Bulldog Variant 179,Non-Sporting,AKC,Small,France,500,575,288,complete,,,,medium,2025-06-30,
BR_0180,Poodle Variant 180,Non-Sporting,AKC,Large,Germany,500,323,126,in_progress,,,,medium,2025-06-30,
BR_0181,Boston Terrier Variant 181,Non-Sporting,AKC,Small,USA,500,109,186,in_progress,,,,medium,2025-06-30,
BR_0182,Border Collie Variant 182,Herding,AKC,Medium,Scotland,500,189,146,in_progress,,,,high,2025-06-30,
BR_0183,Australian Shepherd Variant 183,Herding,AKC,Medium,USA,500,415,128,in_progress,,,,high,2025-06-30,
BR_0184,Lagotto Romagnolo Variant 184,Sporting,FCI,Medium,Italy,500,329,249,in_progress,,,,high,2025-06-30,
BR_0185,Xolo (Mexican Hairless) Variant 185,Non-Sporting,FCI,Medium,Mexico,500,174,78,in_progress,,,,medium,2025-06-30,
BR_0186,Norwegian Lundehund Variant 186,Hound,FCI,Small,Norway,500,543,194,complete,,,,medium,2025-06-30,
BR_0187,Telomian Variant 187,Primitive,Rare,Medium,Malaysia,500,142,159,in_progress,,,,low,2025-06-30,
BR_0188,Carolina Dog Variant 188,Primitive,UKC,Medium,USA,500,500,179,complete,,,,medium,2025-06-30,
BR_0189,Golden Retriever Variant 189,Sporting,AKC,Large,Scotland,500,239,218,in_progress,,,,high,2025-06-30,
BR_0190,Labrador Retriever Variant 190,Sporting,AKC,Large,Newfoundland,500,512,147,complete,,,,high,2025-06-30,
BR_0191,Pointer Variant 191,Sporting,AKC,Large,England,500,210,40,in_progress,,,,high,2025-06-30,
BR_0192,English Setter Variant 192,Sporting,AKC,Large,England,500,463,168,in_progress,,,,high,2025-06-30,
BR_0193,Irish Setter Variant 193,Sporting,AKC,Large,Ireland,500,18,100,not_started,,,,high,2025-06-30,
BR_0194,German Shepherd Variant 194,Herding,AKC,Large,Germany,500,510,110,complete,,,,high,2025-06-30,
BR_0195,Siberian Husky Variant 195,Working,AKC,Large,Siberia,500,323,109,in_progress,,,,high,2025-06-30,
BR_0196,Rottweiler Variant 196,Working,AKC,Large,Germany,500,537,28,complete,,,,high,2025-06-30,
BR_0197,Doberman Pinscher Variant 197,Working,AKC,Large,Germany,500,323,155,in_progress,,,,high,2025-06-30,
BR_0198,Great Dane Variant 198,Working,AKC,Giant,Germany,500,203,278,in_progress,,,,high,2025-06-30,
BR_0199,Beagle Variant 199,Hound,AKC,Medium,England,500,337,22,in_progress,,,,medium,2025-06-30,
BR_0200,Bloodhound Variant 200,Hound,AKC,Large,Belgium,500,167,207,in_progress,,,,medium,2025-06-30,
BR_0201,Greyhound Variant 201,Hound,AKC,Large,Ancient,500,377,59,in_progress,,,,medium,2025-06-30,
BR_0202,Basset Hound Variant 202,Hound,AKC,Medium,France,500,212,248,in_progress,,,,medium,2025-06-30,
BR_0203,Chihuahua Variant 203,Toy,AKC,Toy,Mexico,500,136,71,in_progress,,,,medium,2025-06-30,
BR_0204,Pug Variant 204,Toy,AKC,Small,China,500,424,265,in_progress,,,,medium,2025-06-30,
BR_0205,Yorkshire Terrier Variant 205,Toy,AKC,Toy,England,500,173,96,in_progress,,,,medium,2025-06-30,
BR_0206,French Bulldog Variant 206,Non-Sporting,AKC,Small,France,500,525,152,complete,,,,medium,2025-06-30,
BR_0207,Poodle Variant 207,Non-Sporting,AKC,Large,Germany,500,180,184,in_progress,,,,medium,2025-06-30,
BR_0208,Boston Terrier Variant 208,Non-Sporting,AKC,Small,USA,500,483,65,in_progress,,,,medium,2025-06-30,
BR_0209,Border Collie Variant 209,Herding,AKC,Medium,Scotland,500,536,51,complete,,,,high,2025-06-30,
BR_0210,Australian Shepherd Variant 210,Herding,AKC,Medium,USA,500,120,62,in_progress,,,,high,2025-06-30,
BR_0211,Lagotto Romagnolo Variant 211,Sporting,FCI,Medium,Italy,500,242,218,in_progress,,,,high,2025-06-30,
BR_0212,Xolo (Mexican Hairless) Variant 212,Non-Sporting,FCI,Medium,Mexico,500,396,245,in_progress,,,,medium,2025-06-30,
BR_0213,Norwegian Lundehund Variant 213,Hound,FCI,Small,Norway,500,306,14,in_progress,,,,medium,2025-06-30,
BR_0214,Telomian Variant 214,Primitive,Rare,Medium,Malaysia,500,214,212,in_progress,,,,low,2025-06-30,
BR_0215,Carolina Dog Variant 215,Primitive,UKC,Medium,USA,500,97,123,not_started,,,,medium,2025-06-30,
BR_0216,Golden Retriever Variant 216,Sporting,AKC,Large,Scotland,500,346,131,in_progress,,,,high,2025-06-30,
BR_0217,Labrador Retriever Variant 217,Sporting,AKC,Large,Newfoundland,500,405,176,in_progress,,,,high,2025-06-30,
BR_0218,Pointer Variant 218,Sporting,AKC,Large,England,500,400,138,in_progress,,,,high,2025-06-30,
BR_0219,English Setter Variant 219,Sporting,AKC,Large,England,500,585,292,complete,,,,high,2025-06-30,
BR_0220,Irish Setter Variant 220,Sporting,AKC,Large,Ireland,500,571,235,complete,,,,high,2025-06-30,
BR_0221,German Shepherd Variant 221,Herding,AKC,Large,Germany,500,513,67,complete,,,,high,2025-06-30,
BR_0222,Siberian Husky Variant 222,Working,AKC,Large,Siberia,500,102,232,in_progress,,,,high,2025-06-30,
BR_0223,Rottweiler Variant 223,Working,AKC,Large,Germany,500,575,226,complete,,,,high,2025-06-30,
BR_0224,Doberman Pinscher Variant 224,Working,AKC,Large,Germany,500,377,219,in_progress,,,,high,2025-06-30,
BR_0225,Great Dane Variant 225,Working,AKC,Giant,Germany,500,259,221,in_progress,,,,high,2025-06-30,
BR_0226,Beagle Variant 226,Hound,AKC,Medium,England,500,223,263,in_progress,,,,medium,2025-06-30,
BR_0227,Bloodhound Variant 227,Hound,AKC,Large,Belgium,500,581,200,complete,,,,medium,2025-06-30,
BR_0228,Greyhound Variant 228,Hound,AKC,Large,Ancient,500,483,251,in_progress,,,,medium,2025-06-30,
BR_0229,Basset Hound Variant 229,Hound,AKC,Medium,France,500,296,14,in_progress,,,,medium,2025-06-30,
BR_0230,Chihuahua Variant 230,Toy,AKC,Toy,Mexico,500,516,77,complete,,,,medium,2025-06-30,
BR_0231,Pug Variant 231,Toy,AKC,Small,China,500,192,37,in_progress,,,,medium,2025-06-30,
BR_0232,Yorkshire Terrier Variant 232,Toy,AKC,Toy,England,500,323,118,in_progress,,,,medium,2025-06-30,
BR_0233,French Bulldog Variant 233,Non-Sporting,AKC,Small,France,500,286,213,in_progress,,,,medium,2025-06-30,
BR_0234,Poodle Variant 234,Non-Sporting,AKC,Large,Germany,500,141,74,in_progress,,,,medium,2025-06-30,
BR_0235,Boston Terrier Variant 235,Non-Sporting,AKC,Small,USA,500,33,5,not_started,,,,medium,2025-06-30,
BR_0236,Border Collie Variant 236,Herding,AKC,Medium,Scotland,500,350,55,in_progress,,,,high,2025-06-30,
BR_0237,Australian Shepherd Variant 237,Herding,AKC,Medium,USA,500,449,225,in_progress,,,,high,2025-06-30,
BR_0238,Lagotto Romagnolo Variant 238,Sporting,FCI,Medium,Italy,500,89,285,not_started,,,,high,2025-06-30,
BR_0239,Xolo (Mexican Hairless) Variant 239,Non-Sporting,FCI,Medium,Mexico,500,11,192,not_started,,,,medium,2025-06-30,
BR_0240,Norwegian Lundehund Variant 240,Hound,FCI,Small,Norway,500,539,80,complete,,,,medium,2025-06-30,
BR_0241,Telomian Variant 241,Primitive,Rare,Medium,Malaysia,500,343,243,in_progress,,,,low,2025-06-30,
BR_0242,Carolina Dog Variant 242,Primitive,UKC,Medium,USA,500,125,211,in_progress,,,,medium,2025-06-30,
BR_0243,Golden Retriever Variant 243,Sporting,AKC,Large,Scotland,500,306,12,in_progress,,,,high,2025-06-30,
BR_0244,Labrador Retriever Variant 244,Sporting,AKC,Large,Newfoundland,500,355,85,in_progress,,,,high,2025-06-30,
BR_0245,Pointer Variant 245,Sporting,AKC,Large,England,500,434,295,in_progress,,,,high,2025-06-30,
BR_0246,English Setter Variant 246,Sporting,AKC,Large,England,500,198,146,in_progress,,,,high,2025-06-30,
BR_0247,Irish Setter Variant 247,Sporting,AKC,Large,Ireland,500,527,267,complete,,,,high,2025-06-30,
BR_0248,German Shepherd Variant 248,Herding,AKC,Large,Germany,500,557,53,complete,,,,high,2025-06-30,
BR_0249,Siberian Husky Variant 249,Working,AKC,Large,Siberia,500,114,106,in_progress,,,,high,2025-06-30,
BR_0250,Rottweiler Variant 250,Working,AKC,Large,Germany,500,233,158,in_progress,,,,high,2025-06-30,
BR_0251,Doberman Pinscher Variant 251,Working,AKC,Large,Germany,500,442,120,in_progress,,,,high,2025-06-30,
BR_0252,Great Dane Variant 252,Working,AKC,Giant,Germany,500,490,3,in_progress,,,,high,2025-06-30,
BR_0253,Beagle Variant 253,Hound,AKC,Medium,England,500,471,206,in_progress,,,,medium,2025-06-30,
BR_0254,Bloodhound Variant 254,Hound,AKC,Large,Belgium,500,256,34,in_progress,,,,medium,2025-06-30,
BR_0255,Greyhound Variant 255,Hound,AKC,Large,Ancient,500,449,216,in_progress,,,,medium,2025-06-30,
BR_0256,Basset Hound Variant 256,Hound,AKC,Medium,France,500,283,270,in_progress,,,,medium,2025-06-30,
BR_0257,Chihuahua Variant 257,Toy,AKC,Toy,Mexico,500,492,61,in_progress,,,,medium,2025-06-30,
BR_0258,Pug Variant 258,Toy,AKC,Small,China,500,22,181,not_started,,,,medium,2025-06-30,
BR_0259,Yorkshire Terrier Variant 259,Toy,AKC,Toy,England,500,315,154,in_progress,,,,medium,2025-06-30,
BR_0260,French Bulldog Variant 260,Non-Sporting,AKC,Small,France,500,394,291,in_progress,,,,medium,2025-06-30,
BR_0261,Poodle Variant 261,Non-Sporting,AKC,Large,Germany,500,270,107,in_progress,,,,medium,2025-06-30,
BR_0262,Boston Terrier Variant 262,Non-Sporting,AKC,Small,USA,500,62,292,not_started,,,,medium,2025-06-30,
BR_0263,Border Collie Variant 263,Herding,AKC,Medium,Scotland,500,580,242,complete,,,,high,2025-06-30,
BR_0264,Australian Shepherd Variant 264,Herding,AKC,Medium,USA,500,420,88,in_progress,,,,high,2025-06-30,
BR_0265,Lagotto Romagnolo Variant 265,Sporting,FCI,Medium,Italy,500,566,70,complete,,,,high,2025-06-30,
BR_0266,Xolo (Mexican Hairless) Variant 266,Non-Sporting,FCI,Medium,Mexico,500,39,279,not_started,,,,medium,2025-06-30,
BR_0267,Norwegian Lundehund Variant 267,Hound,FCI,Small,Norway,500,97,32,not_started,,,,medium,2025-06-30,
BR_0268,Telomian Variant 268,Primitive,Rare,Medium,Malaysia,500,584,39,complete,,,,low,2025-06-30,
BR_0269,Carolina Dog Variant 269,Primitive,UKC,Medium,USA,500,487,157,in_progress,,,,medium,2025-06-30,
BR_0270,Golden Retriever Variant 270,Sporting,AKC,Large,Scotland,500,262,249,in_progress,,,,high,2025-06-30,
BR_0271,Labrador Retriever Variant 271,Sporting,AKC,Large,Newfoundland,500,4,100,not_started,,,,high,2025-06-30,
BR_0272,Pointer Variant 272,Sporting,AKC,Large,England,500,174,61,in_progress,,,,high,2025-06-30,
BR_0273,English Setter Variant 273,Sporting,AKC,Large,England,500,34,287,not_started,,,,high,2025-06-30,
BR_0274,Irish Setter Variant 274,Sporting,AKC,Large,Ireland,500,56,254,not_started,,,,high,2025-06-30,
BR_0275,German Shepherd Variant 275,Herding,AKC,Large,Germany,500,516,59,complete,,,,high,2025-06-30,
BR_0276,Siberian Husky Variant 276,Working,AKC,Large,Siberia,500,408,295,in_progress,,,,high,2025-06-30,
BR_0277,Rottweiler Variant 277,Working,AKC,Large,Germany,500,288,119,in_progress,,,,high,2025-06-30,
BR_0278,Doberman Pinscher Variant 278,Working,AKC,Large,Germany,500,196,141,in_progress,,,,high,2025-06-30,
BR_0279,Great Dane Variant 279,Working,AKC,Giant,Germany,500,81,253,not_started,,,,high,2025-06-30,
BR_0280,Beagle Variant 280,Hound,AKC,Medium,England,500,543,249,complete,,,,medium,2025-06-30,
BR_0281,Bloodhound Variant 281,Hound,AKC,Large,Belgium,500,415,274,in_progress,,,,medium,2025-06-30,
BR_0282,Greyhound Variant 282,Hound,AKC,Large,Ancient,500,292,122,in_progress,,,,medium,2025-06-30,
BR_0283,Basset Hound Variant 283,Hound,AKC,Medium,France,500,376,181,in_progress,,,,medium,2025-06-30,
BR_0284,Chihuahua Variant 284,Toy,AKC,Toy,Mexico,500,123,143,in_progress,,,,medium,2025-06-30,
BR_0285,Pug Variant 285,Toy,AKC,Small,China,500,222,12,in_progress,,,,medium,2025-06-30,
BR_0286,Yorkshire Terrier Variant 286,Toy,AKC,Toy,England,500,505,198,complete,,,,medium,2025-06-30,
BR_0287,French Bulldog Variant 287,Non-Sporting,AKC,Small,France,500,246,51,in_progress,,,,medium,2025-06-30,
BR_0288,Poodle Variant 288,Non-Sporting,AKC,Large,Germany,500,315,130,in_progress,,,,medium,2025-06-30,
BR_0289,Boston Terrier Variant 289,Non-Sporting,AKC,Small,USA,500,98,58,not_started,,,,medium,2025-06-30,
BR_0290,Border Collie Variant 290,Herding,AKC,Medium,Scotland,500,183,290,in_progress,,,,high,2025-06-30,
BR_0291,Australian Shepherd Variant 291,Herding,AKC,Medium,USA,500,291,293,in_progress,,,,high,2025-06-30,
BR_0292,Lagotto Romagnolo Variant 292,Sporting,FCI,Medium,Italy,500,189,58,in_progress,,,,high,2025-06-30,
BR_0293,Xolo (Mexican Hairless) Variant 293,Non-Sporting,FCI,Medium,Mexico,500,62,284,not_started,,,,medium,2025-06-30,
BR_0294,Norwegian Lundehund Variant 294,Hound,FCI,Small,Norway,500,473,83,in_progress,,,,medium,2025-06-30,
BR_0295,Telomian Variant 295,Primitive,Rare,Medium,Malaysia,500,338,61,in_progress,,,,low,2025-06-30,
BR_0296,Carolina Dog Variant 296,Primitive,UKC,Medium,USA,500,6,53,not_started,,,,medium,2025-06-30,
BR_0297,Golden Retriever Variant 297,Sporting,AKC,Large,Scotland,500,369,247,in_progress,,,,high,2025-06-30,
BR_0298,Labrador Retriever Variant 298,Sporting,AKC,Large,Newfoundland,500,333,22,in_progress,,,,high,2025-06-30,
BR_0299,Pointer Variant 299,Sporting,AKC,Large,England,500,264,64,in_progress,,,,high,2025-06-30,
BR_0300,English Setter Variant 300,Sporting,AKC,Large,England,500,29,13,not_started,,,,high,2025-06-30,
BR_0301,Irish Setter Variant 301,Sporting,AKC,Large,Ireland,500,319,225,in_progress,,,,high,2025-06-30,
BR_0302,German Shepherd Variant 302,Herding,AKC,Large,Germany,500,228,218,in_progress,,,,high,2025-06-30,
BR_0303,Siberian Husky Variant 303,Working,AKC,Large,Siberia,500,159,31,in_progress,,,,high,2025-06-30,
BR_0304,Rottweiler Variant 304,Working,AKC,Large,Germany,500,37,272,not_started,,,,high,2025-06-30,
BR_0305,Doberman Pinscher Variant 305,Working,AKC,Large,Germany,500,243,275,in_progress,,,,high,2025-06-30,
BR_0306,Great Dane Variant 306,Working,AKC,Giant,Germany,500,180,264,in_progress,,,,high,2025-06-30,
BR_0307,Beagle Variant 307,Hound,AKC,Medium,England,500,334,170,in_progress,,,,medium,2025-06-30,
BR_0308,Bloodhound Variant 308,Hound,AKC,Large,Belgium,500,471,274,in_progress,,,,medium,2025-06-30,
BR_0309,Greyhound Variant 309,Hound,AKC,Large,Ancient,500,204,114,in_progress,,,,medium,2025-06-30,
BR_0310,Basset Hound Variant 310,Hound,AKC,Medium,France,500,331,74,in_progress,,,,medium,2025-06-30,
BR_0311,Chihuahua Variant 311,Toy,AKC,Toy,Mexico,500,239,266,in_progress,,,,medium,2025-06-30,
BR_0312,Pug Variant 312,Toy,AKC,Small,China,500,188,291,in_progress,,,,medium,2025-06-30,
BR_0313,Yorkshire Terrier Variant 313,Toy,AKC,Toy,England,500,534,280,complete,,,,medium,2025-06-30,
BR_0314,French Bulldog Variant 314,Non-Sporting,AKC,Small,France,500,373,276,in_progress,,,,medium,2025-06-30,
BR_0315,Poodle Variant 315,Non-Sporting,AKC,Large,Germany,500,450,167,in_progress,,,,medium,2025-06-30,
BR_0316,Boston Terrier Variant 316,Non-Sporting,AKC,Small,USA,500,223,193,in_progress,,,,medium,2025-06-30,
BR_0317,Border Collie Variant 317,Herding,AKC,Medium,Scotland,500,13,66,not_started,,,,high,2025-06-30,
BR_0318,Australian Shepherd Variant 318,Herding,AKC,Medium,USA,500,166,298,in_progress,,,,high,2025-06-30,
BR_0319,Lagotto Romagnolo Variant 319,Sporting,FCI,Medium,Italy,500,477,171,in_progress,,,,high,2025-06-30,
BR_0320,Xolo (Mexican Hairless) Variant 320,Non-Sporting,FCI,Medium,Mexico,500,78,56,not_started,,,,medium,2025-06-30,
BR_0321,Norwegian Lundehund Variant 321,Hound,FCI,Small,Norway,500,509,255,complete,,,,medium,2025-06-30,
BR_0322,Telomian Variant 322,Primitive,Rare,Medium,Malaysia,500,236,157,in_progress,,,,low,2025-06-30,
BR_0323,Carolina Dog Variant 323,Primitive,UKC,Medium,USA,500,55,150,not_started,,,,medium,2025-06-30,
BR_0324,Golden Retriever Variant 324,Sporting,AKC,Large,Scotland,500,522,283,complete,,,,high,2025-06-30,
BR_0325,Labrador Retriever Variant 325,Sporting,AKC,Large,Newfoundland,500,93,126,not_started,,,,high,2025-06-30,
BR_0326,Pointer Variant 326,Sporting,AKC,Large,England,500,352,0,in_progress,,,,high,2025-06-30,
BR_0327,English Setter Variant 327,Sporting,AKC,Large,England,500,594,86,complete,,,,high,2025-06-30,
BR_0328,Irish Setter Variant 328,Sporting,AKC,Large,Ireland,500,33,174,not_started,,,,high,2025-06-30,
BR_0329,German Shepherd Variant 329,Herding,AKC,Large,Germany,500,41,191,not_started,,,,high,2025-06-30,
BR_0330,Siberian Husky Variant 330,Working,AKC,Large,Siberia,500,18,236,not_started,,,,high,2025-06-30,
BR_0331,Rottweiler Variant 331,Working,AKC,Large,Germany,500,389,168,in_progress,,,,high,2025-06-30,
BR_0332,Doberman Pinscher Variant 332,Working,AKC,Large,Germany,500,61,79,not_started,,,,high,2025-06-30,
BR_0333,Great Dane Variant 333,Working,AKC,Giant,Germany,500,486,232,in_progress,,,,high,2025-06-30,
BR_0334,Beagle Variant 334,Hound,AKC,Medium,England,500,33,144,not_started,,,,medium,2025-06-30,
BR_0335,Bloodhound Variant 335,Hound,AKC,Large,Belgium,500,426,246,in_progress,,,,medium,2025-06-30,
BR_0336,Greyhound Variant 336,Hound,AKC,Large,Ancient,500,49,163,not_started,,,,medium,2025-06-30,
BR_0337,Basset Hound Variant 337,Hound,AKC,Medium,France,500,577,202,complete,,,,medium,2025-06-30,
BR_0338,Chihuahua Variant 338,Toy,AKC,Toy,Mexico,500,475,28,in_progress,,,,medium,2025-06-30,
BR_0339,Pug Variant 339,Toy,AKC,Small,China,500,185,262,in_progress,,,,medium,2025-06-30,
BR_0340,Yorkshire Terrier Variant 340,Toy,AKC,Toy,England,500,25,42,not_started,,,,medium,2025-06-30,
BR_0341,French Bulldog Variant 341,Non-Sporting,AKC,Small,France,500,59,55,not_started,,,,medium,2025-06-30,
BR_0342,Poodle Variant 342,Non-Sporting,AKC,Large,Germany,500,145,196,in_progress,,,,medium,2025-06-30,
BR_0343,Boston Terrier Variant 343,Non-Sporting,AKC,Small,USA,500,135,286,in_progress,,,,medium,2025-06-30,
BR_0344,Border Collie Variant 344,Herding,AKC,Medium,Scotland,500,281,117,in_progress,,,,high,2025-06-30,
BR_0345,Australian Shepherd Variant 345,Herding,AKC,Medium,USA,500,547,250,complete,,,,high,2025-06-30,
BR_0346,Lagotto Romagnolo Variant 346,Sporting,FCI,Medium,Italy,500,343,20,in_progress,,,,high,2025-06-30,
BR_0347,Xolo (Mexican Hairless) Variant 347,Non-Sporting,FCI,Medium,Mexico,500,555,101,complete,,,,medium,2025-06-30,
BR_0348,Norwegian Lundehund Variant 348,Hound,FCI,Small,Norway,500,33,61,not_started,,,,medium,2025-06-30,
BR_0349,Telomian Variant 349,Primitive,Rare,Medium,Malaysia,500,451,61,in_progress,,,,low,2025-06-30,
BR_0350,Carolina Dog Variant 350,Primitive,UKC,Medium,USA,500,194,54,in_progress,,,,medium,2025-06-30,
BR_0351,Golden Retriever Variant 351,Sporting,AKC,Large,Scotland,500,526,275,complete,,,,high,2025-06-30,
BR_0352,Labrador Retriever Variant 352,Sporting,AKC,Large,Newfoundland,500,263,67,in_progress,,,,high,2025-06-30,
BR_0353,Pointer Variant 353,Sporting,AKC,Large,England,500,509,79,complete,,,,high,2025-06-30,
BR_0354,English Setter Variant 354,Sporting,AKC,Large,England,500,269,226,in_progress,,,,high,2025-06-30,
BR_0355,Irish Setter Variant 355,Sporting,AKC,Large,Ireland,500,8,272,not_started,,,,high,2025-06-30,
BR_0356,German Shepherd Variant 356,Herding,AKC,Large,Germany,500,370,10,in_progress,,,,high,2025-06-30,
BR_0357,Siberian Husky Variant 357,Working,AKC,Large,Siberia,500,253,34,in_progress,,,,high,2025-06-30,
BR_0358,Rottweiler Variant 358,Working,AKC,Large,Germany,500,581,66,complete,,,,high,2025-06-30,
BR_0359,Doberman Pinscher Variant 359,Working,AKC,Large,Germany,500,455,166,in_progress,,,,high,2025-06-30,
BR_0360,Great Dane Variant 360,Working,AKC,Giant,Germany,500,515,164,complete,,,,high,2025-06-30,
BR_0361,Beagle Variant 361,Hound,AKC,Medium,England,500,184,288,in_progress,,,,medium,2025-06-30,
BR_0362,Bloodhound Variant 362,Hound,AKC,Large,Belgium,500,361,282,in_progress,,,,medium,2025-06-30,
BR_0363,Greyhound Variant 363,Hound,AKC,Large,Ancient,500,51,59,not_started,,,,medium,2025-06-30,
BR_0364,Basset Hound Variant 364,Hound,AKC,Medium,France,500,141,98,in_progress,,,,medium,2025-06-30,
BR_0365,Chihuahua Variant 365,Toy,AKC,Toy,Mexico,500,502,174,complete,,,,medium,2025-06-30,
BR_0366,Pug Variant 366,Toy,AKC,Small,China,500,548,269,complete,,,,medium,2025-06-30,
BR_0367,Yorkshire Terrier Variant 367,Toy,AKC,Toy,England,500,100,283,in_progress,,,,medium,2025-06-30,
BR_0368,French Bulldog Variant 368,Non-Sporting,AKC,Small,France,500,560,99,complete,,,,medium,2025-06-30,
BR_0369,Poodle Variant 369,Non-Sporting,AKC,Large,Germany,500,250,63,in_progress,,,,medium,2025-06-30,
BR_0370,Boston Terrier Variant 370,Non-Sporting,AKC,Small,USA,500,423,37,in_progress,,,,medium,2025-06-30,
BR_0371,Border Collie Variant 371,Herding,AKC,Medium,Scotland,500,44,251,not_started,,,,high,2025-06-30,
BR_0372,Australian Shepherd Variant 372,Herding,AKC,Medium,USA,500,32,102,not_started,,,,high,2025-06-30,
BR_0373,Lagotto Romagnolo Variant 373,Sporting,FCI,Medium,Italy,500,264,45,in_progress,,,,high,2025-06-30,
BR_0374,Xolo (Mexican Hairless) Variant 374,Non-Sporting,FCI,Medium,Mexico,500,498,263,in_progress,,,,medium,2025-06-30,
BR_0375,Norwegian Lundehund Variant 375,Hound,FCI,Small,Norway,500,63,164,not_started,,,,medium,2025-06-30,
BR_0376,Telomian Variant 376,Primitive,Rare,Medium,Malaysia,500,35,284,not_started,,,,low,2025-06-30,
BR_0377,Carolina Dog Variant 377,Primitive,UKC,Medium,USA,500,329,275,in_progress,,,,medium,2025-06-30,
BR_0378,Golden Retriever Variant 378,Sporting,AKC,Large,Scotland,500,542,164,complete,,,,high,2025-06-30,
BR_0379,Labrador Retriever Variant 379,Sporting,AKC,Large,Newfoundland,500,261,95,in_progress,,,,high,2025-06-30,
BR_0380,Pointer Variant 380,Sporting,AKC,Large,England,500,123,176,in_progress,,,,high,2025-06-30,
BR_0381,English Setter Variant 381,Sporting,AKC,Large,England,500,57,103,not_started,,,,high,2025-06-30,
BR_0382,Irish Setter Variant 382,Sporting,AKC,Large,Ireland,500,320,27,in_progress,,,,high,2025-06-30,
BR_0383,German Shepherd Variant 383,Herding,AKC,Large,Germany,500,242,259,in_progress,,,,high,2025-06-30,
BR_0384,Siberian Husky Variant 384,Working,AKC,Large,Siberia,500,46,14,not_started,,,,high,2025-06-30,
BR_0385,Rottweiler Variant 385,Working,AKC,Large,Germany,500,387,226,in_progress,,,,high,2025-06-30,
BR_0386,Doberman Pinscher Variant 386,Working,AKC,Large,Germany,500,558,231,complete,,,,high,2025-06-30,
BR_0387,Great Dane Variant 387,Working,AKC,Giant,Germany,500,383,219,in_progress,,,,high,2025-06-30,
BR_0388,Beagle Variant 388,Hound,AKC,Medium,England,500,190,275,in_progress,,,,medium,2025-06-30,
BR_0389,Bloodhound Variant 389,Hound,AKC,Large,Belgium,500,541,42,complete,,,,medium,2025-06-30,
BR_0390,Greyhound Variant 390,Hound,AKC,Large,Ancient,500,498,153,in_progress,,,,medium,2025-06-30,
BR_0391,Basset Hound Variant 391,Hound,AKC,Medium,France,500,72,246,not_started,,,,medium,2025-06-30,
BR_0392,Chihuahua Variant 392,Toy,AKC,Toy,Mexico,500,131,200,in_progress,,,,medium,2025-06-30,
BR_0393,Pug Variant 393,Toy,AKC,Small,China,500,200,221,in_progress,,,,medium,2025-06-30,
BR_0394,Yorkshire Terrier Variant 394,Toy,AKC,Toy,England,500,88,212,not_started,,,,medium,2025-06-30,
BR_0395,French Bulldog Variant 395,Non-Sporting,AKC,Small,France,500,48,191,not_started,,,,medium,2025-06-30,
BR_0396,Poodle Variant 396,Non-Sporting,AKC,Large,Germany,500,195,267,in_progress,,,,medium,2025-06-30,
BR_0397,Boston Terrier Variant 397,Non-Sporting,AKC,Small,USA,500,422,129,in_progress,,,,medium,2025-06-30,
BR_0398,Border Collie Variant 398,Herding,AKC,Medium,Scotland,500,7,252,not_started,,,,high,2025-06-30,
BR_0399,Australian Shepherd Variant 399,Herding,AKC,Medium,USA,500,496,280,in_progress,,,,high,2025-06-30,
BR_0400,Lagotto Romagnolo Variant 400,Sporting,FCI,Medium,Italy,500,80,50,not_started,,,,high,2025-06-30,
BR_0401,Xolo (Mexican Hairless) Variant 401,Non-Sporting,FCI,Medium,Mexico,500,585,93,complete,,,,medium,2025-06-30,
BR_0402,Norwegian Lundehund Variant 402,Hound,FCI,Small,Norway,500,108,128,in_progress,,,,medium,2025-06-30,
BR_0403,Telomian Variant 403,Primitive,Rare,Medium,Malaysia,500,115,2,in_progress,,,,low,2025-06-30,
BR_0404,Carolina Dog Variant 404,Primitive,UKC,Medium,USA,500,257,78,in_progress,,,,medium,2025-06-30,
BR_0405,Golden Retriever Variant 405,Sporting,AKC,Large,Scotland,500,131,43,in_progress,,,,high,2025-06-30,
BR_0406,Labrador Retriever Variant 406,Sporting,AKC,Large,Newfoundland,500,526,87,complete,,,,high,2025-06-30,
BR_0407,Pointer Variant 407,Sporting,AKC,Large,England,500,76,144,not_started,,,,high,2025-06-30,
BR_0408,English Setter Variant 408,Sporting,AKC,Large,England,500,578,96,complete,,,,high,2025-06-30,
BR_0409,Irish Setter Variant 409,Sporting,AKC,Large,Ireland,500,87,169,not_started,,,,high,2025-06-30,
BR_0410,German Shepherd Variant 410,Herding,AKC,Large,Germany,500,143,212,in_progress,,,,high,2025-06-30,
BR_0411,Siberian Husky Variant 411,Working,AKC,Large,Siberia,500,147,71,in_progress,,,,high,2025-06-30,
BR_0412,Rottweiler Variant 412,Working,AKC,Large,Germany,500,279,289,in_progress,,,,high,2025-06-30,
BR_0413,Doberman Pinscher Variant 413,Working,AKC,Large,Germany,500,127,124,in_progress,,,,high,2025-06-30,
BR_0414,Great Dane Variant 414,Working,AKC,Giant,Germany,500,183,216,in_progress,,,,high,2025-06-30,
BR_0415,Beagle Variant 415,Hound,AKC,Medium,England,500,170,31,in_progress,,,,medium,2025-06-30,
BR_0416,Bloodhound Variant 416,Hound,AKC,Large,Belgium,500,11,197,not_started,,,,medium,2025-06-30,
BR_0417,Greyhound Variant 417,Hound,AKC,Large,Ancient,500,517,165,complete,,,,medium,2025-06-30,
BR_0418,Basset Hound Variant 418,Hound,AKC,Medium,France,500,18,283,not_started,,,,medium,2025-06-30,
BR_0419,Chihuahua Variant 419,Toy,AKC,Toy,Mexico,500,16,221,not_started,,,,medium,2025-06-30,
BR_0420,Pug Variant 420,Toy,AKC,Small,China,500,127,127,in_progress,,,,medium,2025-06-30,
BR_0421,Yorkshire Terrier Variant 421,Toy,AKC,Toy,England,500,267,62,in_progress,,,,medium,2025-06-30,
BR_0422,French Bulldog Variant 422,Non-Sporting,AKC,Small,France,500,292,86,in_progress,,,,medium,2025-06-30,
BR_0423,Poodle Variant 423,Non-Sporting,AKC,Large,Germany,500,167,283,in_progress,,,,medium,2025-06-30,
BR_0424,Boston Terrier Variant 424,Non-Sporting,AKC,Small,USA,500,119,45,in_progress,,,,medium,2025-06-30,
BR_0425,Border Collie Variant 425,Herding,AKC,Medium,Scotland,500,236,271,in_progress,,,,high,2025-06-30,
BR_0426,Australian Shepherd Variant 426,Herding,AKC,Medium,USA,500,219,222,in_progress,,,,high,2025-06-30,
BR_0427,Lagotto Romagnolo Variant 427,Sporting,FCI,Medium,Italy,500,204,171,in_progress,,,,high,2025-06-30,
BR_0428,Xolo (Mexican Hairless) Variant 428,Non-Sporting,FCI,Medium,Mexico,500,448,235,in_progress,,,,medium,2025-06-30,
BR_0429,Norwegian Lundehund Variant 429,Hound,FCI,Small,Norway,500,83,116,not_started,,,,medium,2025-06-30,
BR_0430,Telomian Variant 430,Primitive,Rare,Medium,Malaysia,500,370,105,in_progress,,,,low,2025-06-30,
BR_0431,Carolina Dog Variant 431,Primitive,UKC,Medium,USA,500,521,122,complete,,,,medium,2025-06-30,
BR_0432,Golden Retriever Variant 432,Sporting,AKC,Large,Scotland,500,191,5,in_progress,,,,high,2025-06-30,
BR_0433,Labrador Retriever Variant 433,Sporting,AKC,Large,Newfoundland,500,338,134,in_progress,,,,high,2025-06-30,
BR_0434,Pointer Variant 434,Sporting,AKC,Large,England,500,19,7,not_started,,,,high,2025-06-30,
BR_0435,English Setter Variant 435,Sporting,AKC,Large,England,500,263,184,in_progress,,,,high,2025-06-30,
BR_0436,Irish Setter Variant 436,Sporting,AKC,Large,Ireland,500,270,144,in_progress,,,,high,2025-06-30,
BR_0437,German Shepherd Variant 437,Herding,AKC,Large,Germany,500,61,254,not_started,,,,high,2025-06-30,
BR_0438,Siberian Husky Variant 438,Working,AKC,Large,Siberia,500,586,183,complete,,,,high,2025-06-30,
BR_0439,Rottweiler Variant 439,Working,AKC,Large,Germany,500,446,113,in_progress,,,,high,2025-06-30,
BR_0440,Doberman Pinscher Variant 440,Working,AKC,Large,Germany,500,336,196,in_progress,,,,high,2025-06-30,
BR_0441,Great Dane Variant 441,Working,AKC,Giant,Germany,500,480,59,in_progress,,,,high,2025-06-30,
BR_0442,Beagle Variant 442,Hound,AKC,Medium,England,500,5,145,not_started,,,,medium,2025-06-30,
BR_0443,Bloodhound Variant 443,Hound,AKC,Large,Belgium,500,405,96,in_progress,,,,medium,2025-06-30,
BR_0444,Greyhound Variant 444,Hound,AKC,Large,Ancient,500,441,145,in_progress,,,,medium,2025-06-30,
BR_0445,Basset Hound Variant 445,Hound,AKC,Medium,France,500,33,109,not_started,,,,medium,2025-06-30,
BR_0446,Chihuahua Variant 446,Toy,AKC,Toy,Mexico,500,513,233,complete,,,,medium,2025-06-30,
BR_0447,Pug Variant 447,Toy,AKC,Small,China,500,483,62,in_progress,,,,medium,2025-06-30,
BR_0448,Yorkshire Terrier Variant 448,Toy,AKC,Toy,England,500,538,194,complete,,,,medium,2025-06-30,
BR_0449,French Bulldog Variant 449,Non-Sporting,AKC,Small,France,500,524,93,complete,,,,medium,2025-06-30,
